target_name,target_difficulty,target_category,strategy_name,trial_number,total_inputs,valid_inputs,crash_error_inputs,unique_inputs,duplicate_inputs,average_execution_time,coverage_percent,covered_line_count,source_line_count,unique_error_type_count,error_types,result_file
arithmetic_script_parser,hard,grammar_parser,basic_character_random,1,100,0,100,100,0,3.403900012926897e-05,18.64406779661017,11,59,1,"{""ValueError"": 100}",results\week8\random_baseline\arithmetic_script_parser\basic_character_random_trial1.jsonl
arithmetic_script_parser,hard,grammar_parser,basic_character_random,2,100,0,100,97,3,3.309399988211226e-05,18.64406779661017,11,59,1,"{""ValueError"": 100}",results\week8\random_baseline\arithmetic_script_parser\basic_character_random_trial2.jsonl
arithmetic_script_parser,hard,grammar_parser,basic_character_random,3,100,0,100,98,2,3.7241000009089475e-05,18.64406779661017,11,59,2,"{""ValueError"": 99, ""SafetyError"": 1}",results\week8\random_baseline\arithmetic_script_parser\basic_character_random_trial3.jsonl
arithmetic_script_parser,hard,grammar_parser,coverage_guided_random,1,100,1,99,98,2,3.709399987201323e-05,77.96610169491525,46,59,4,"{""ValueError"": 96, ""SyntaxError"": 1, ""SafetyError"": 1, ""KeyError"": 1}",results\week8\random_baseline\arithmetic_script_parser\coverage_guided_random_trial1.jsonl
arithmetic_script_parser,hard,grammar_parser,coverage_guided_random,2,100,1,99,97,3,6.432599999243393e-05,77.96610169491525,46,59,4,"{""ValueError"": 95, ""SyntaxError"": 2, ""SafetyError"": 1, ""KeyError"": 1}",results\week8\random_baseline\arithmetic_script_parser\coverage_guided_random_trial2.jsonl
arithmetic_script_parser,hard,grammar_parser,coverage_guided_random,3,100,1,99,98,2,3.347099996972247e-05,77.96610169491525,46,59,4,"{""ValueError"": 95, ""SafetyError"": 1, ""SyntaxError"": 2, ""KeyError"": 1}",results\week8\random_baseline\arithmetic_script_parser\coverage_guided_random_trial3.jsonl
arithmetic_script_parser,hard,grammar_parser,edge_case_seed_random,1,100,1,99,79,21,3.670400015835185e-05,64.40677966101694,38,59,4,"{""ValueError"": 91, ""KeyError"": 3, ""SafetyError"": 1, ""SyntaxError"": 4}",results\week8\random_baseline\arithmetic_script_parser\edge_case_seed_random_trial1.jsonl
arithmetic_script_parser,hard,grammar_parser,edge_case_seed_random,2,100,1,99,80,20,3.7692999976570716e-05,71.1864406779661,42,59,3,"{""ValueError"": 91, ""SyntaxError"": 5, ""KeyError"": 3}",results\week8\random_baseline\arithmetic_script_parser\edge_case_seed_random_trial2.jsonl
arithmetic_script_parser,hard,grammar_parser,edge_case_seed_random,3,100,2,98,86,14,3.4840000025724294e-05,72.88135593220339,43,59,4,"{""ValueError"": 90, ""SyntaxError"": 5, ""SafetyError"": 2, ""KeyError"": 1}",results\week8\random_baseline\arithmetic_script_parser\edge_case_seed_random_trial3.jsonl
arithmetic_script_parser,hard,grammar_parser,mutation_based_random,1,100,5,95,98,2,4.457699989870889e-05,74.57627118644068,44,59,3,"{""ValueError"": 83, ""SyntaxError"": 10, ""KeyError"": 2}",results\week8\random_baseline\arithmetic_script_parser\mutation_based_random_trial1.jsonl
arithmetic_script_parser,hard,grammar_parser,mutation_based_random,2,100,7,93,93,7,4.2783999888342805e-05,76.27118644067797,45,59,3,"{""ValueError"": 79, ""SyntaxError"": 12, ""KeyError"": 2}",results\week8\random_baseline\arithmetic_script_parser\mutation_based_random_trial2.jsonl
arithmetic_script_parser,hard,grammar_parser,mutation_based_random,3,100,0,100,93,7,4.498299989791121e-05,66.10169491525424,39,59,3,"{""ValueError"": 86, ""SyntaxError"": 10, ""KeyError"": 4}",results\week8\random_baseline\arithmetic_script_parser\mutation_based_random_trial3.jsonl
arithmetic_script_parser,hard,grammar_parser,token_aware_random,1,100,0,100,96,4,3.176000003804802e-05,28.8135593220339,17,59,3,"{""ValueError"": 96, ""KeyError"": 2, ""SafetyError"": 2}",results\week8\random_baseline\arithmetic_script_parser\token_aware_random_trial1.jsonl
arithmetic_script_parser,hard,grammar_parser,token_aware_random,2,100,0,100,99,1,3.5819000004266854e-05,30.508474576271187,18,59,3,"{""ValueError"": 97, ""KeyError"": 1, ""SafetyError"": 2}",results\week8\random_baseline\arithmetic_script_parser\token_aware_random_trial2.jsonl
arithmetic_script_parser,hard,grammar_parser,token_aware_random,3,100,0,100,97,3,3.102999995462596e-05,23.728813559322035,14,59,3,"{""ValueError"": 94, ""KeyError"": 5, ""SafetyError"": 1}",results\week8\random_baseline\arithmetic_script_parser\token_aware_random_trial3.jsonl
boolean_expression_parser,hard,grammar_parser,basic_character_random,1,100,0,100,97,3,3.8353999971150186e-05,22.727272727272727,10,44,1,"{""ValueError"": 100}",results\week8\random_baseline\boolean_expression_parser\basic_character_random_trial1.jsonl
boolean_expression_parser,hard,grammar_parser,basic_character_random,2,100,0,100,99,1,3.312700004244107e-05,22.727272727272727,10,44,1,"{""ValueError"": 100}",results\week8\random_baseline\boolean_expression_parser\basic_character_random_trial2.jsonl
boolean_expression_parser,hard,grammar_parser,basic_character_random,3,100,0,100,100,0,3.136499983156682e-05,22.727272727272727,10,44,1,"{""ValueError"": 100}",results\week8\random_baseline\boolean_expression_parser\basic_character_random_trial3.jsonl
boolean_expression_parser,hard,grammar_parser,coverage_guided_random,1,100,2,98,99,1,3.21099999746366e-05,86.36363636363636,38,44,1,"{""ValueError"": 98}",results\week8\random_baseline\boolean_expression_parser\coverage_guided_random_trial1.jsonl
boolean_expression_parser,hard,grammar_parser,coverage_guided_random,2,100,2,98,96,4,4.0881000077206406e-05,77.27272727272727,34,44,1,"{""ValueError"": 98}",results\week8\random_baseline\boolean_expression_parser\coverage_guided_random_trial2.jsonl
boolean_expression_parser,hard,grammar_parser,coverage_guided_random,3,100,1,99,98,2,6.33439999910479e-05,86.36363636363636,38,44,1,"{""ValueError"": 99}",results\week8\random_baseline\boolean_expression_parser\coverage_guided_random_trial3.jsonl
boolean_expression_parser,hard,grammar_parser,edge_case_seed_random,1,100,2,98,87,13,3.5571999997046075e-05,84.0909090909091,37,44,1,"{""ValueError"": 98}",results\week8\random_baseline\boolean_expression_parser\edge_case_seed_random_trial1.jsonl
boolean_expression_parser,hard,grammar_parser,edge_case_seed_random,2,100,7,93,81,19,3.600800007916405e-05,84.0909090909091,37,44,1,"{""ValueError"": 93}",results\week8\random_baseline\boolean_expression_parser\edge_case_seed_random_trial2.jsonl
boolean_expression_parser,hard,grammar_parser,edge_case_seed_random,3,100,4,96,85,15,3.7828999829798704e-05,84.0909090909091,37,44,1,"{""ValueError"": 96}",results\week8\random_baseline\boolean_expression_parser\edge_case_seed_random_trial3.jsonl
boolean_expression_parser,hard,grammar_parser,mutation_based_random,1,100,1,99,98,2,4.6941000018705384e-05,79.54545454545455,35,44,1,"{""ValueError"": 99}",results\week8\random_baseline\boolean_expression_parser\mutation_based_random_trial1.jsonl
boolean_expression_parser,hard,grammar_parser,mutation_based_random,2,100,0,100,96,4,3.555300003426964e-05,70.45454545454545,31,44,1,"{""ValueError"": 100}",results\week8\random_baseline\boolean_expression_parser\mutation_based_random_trial2.jsonl
boolean_expression_parser,hard,grammar_parser,mutation_based_random,3,100,1,99,95,5,3.489300012006424e-05,68.18181818181817,30,44,1,"{""ValueError"": 99}",results\week8\random_baseline\boolean_expression_parser\mutation_based_random_trial3.jsonl
boolean_expression_parser,hard,grammar_parser,token_aware_random,1,100,4,96,99,1,3.9778999944246604e-05,86.36363636363636,38,44,1,"{""ValueError"": 96}",results\week8\random_baseline\boolean_expression_parser\token_aware_random_trial1.jsonl
boolean_expression_parser,hard,grammar_parser,token_aware_random,2,100,2,98,99,1,3.322600006868015e-05,86.36363636363636,38,44,1,"{""ValueError"": 98}",results\week8\random_baseline\boolean_expression_parser\token_aware_random_trial2.jsonl
boolean_expression_parser,hard,grammar_parser,token_aware_random,3,100,4,96,99,1,3.563299998859293e-05,79.54545454545455,35,44,1,"{""ValueError"": 96}",results\week8\random_baseline\boolean_expression_parser\token_aware_random_trial3.jsonl
calculator,easy,arithmetic_expression,basic_character_random,1,100,0,100,100,0,6.058399991161423e-05,21.875,7,32,3,"{""IndentationError"": 2, ""SyntaxError"": 91, ""ValueError"": 7}",results\week8\random_baseline\calculator\basic_character_random_trial1.jsonl
calculator,easy,arithmetic_expression,basic_character_random,2,100,0,100,100,0,6.544899986693053e-05,21.875,7,32,3,"{""SyntaxError"": 96, ""ValueError"": 3, ""SafetyError"": 1}",results\week8\random_baseline\calculator\basic_character_random_trial2.jsonl
calculator,easy,arithmetic_expression,basic_character_random,3,100,0,100,98,2,6.198200000653742e-05,18.75,6,32,3,"{""SyntaxError"": 97, ""ValueError"": 1, ""IndentationError"": 2}",results\week8\random_baseline\calculator\basic_character_random_trial3.jsonl
calculator,easy,arithmetic_expression,coverage_guided_random,1,100,8,92,97,3,5.3782999948452926e-05,37.5,12,32,6,"{""SyntaxError"": 70, ""KeyError"": 3, ""ValueError"": 15, ""IndentationError"": 2, ""SafetyError"": 1, ""ZeroDivisionError"": 1}",results\week8\random_baseline\calculator\coverage_guided_random_trial1.jsonl
calculator,easy,arithmetic_expression,coverage_guided_random,2,100,13,87,95,5,3.647399993496947e-05,37.5,12,32,6,"{""ValueError"": 18, ""SyntaxError"": 62, ""KeyError"": 3, ""IndentationError"": 2, ""SafetyError"": 1, ""ZeroDivisionError"": 1}",results\week8\random_baseline\calculator\coverage_guided_random_trial2.jsonl
calculator,easy,arithmetic_expression,coverage_guided_random,3,100,5,95,98,2,4.178399998636451e-05,37.5,12,32,6,"{""SyntaxError"": 72, ""ValueError"": 18, ""KeyError"": 1, ""SafetyError"": 1, ""ZeroDivisionError"": 1, ""IndentationError"": 2}",results\week8\random_baseline\calculator\coverage_guided_random_trial3.jsonl
calculator,easy,arithmetic_expression,edge_case_seed_random,1,100,11,89,92,8,6.125600000814302e-05,37.5,12,32,5,"{""ValueError"": 28, ""SyntaxError"": 50, ""SafetyError"": 1, ""KeyError"": 5, ""IndentationError"": 5}",results\week8\random_baseline\calculator\edge_case_seed_random_trial1.jsonl
calculator,easy,arithmetic_expression,edge_case_seed_random,2,100,19,81,86,14,8.803499989880948e-05,37.5,12,32,5,"{""SyntaxError"": 47, ""SafetyError"": 2, ""ValueError"": 20, ""IndentationError"": 11, ""KeyError"": 1}",results\week8\random_baseline\calculator\edge_case_seed_random_trial2.jsonl
calculator,easy,arithmetic_expression,edge_case_seed_random,3,100,13,87,85,15,6.111199994847994e-05,37.5,12,32,5,"{""ValueError"": 21, ""SyntaxError"": 56, ""IndentationError"": 5, ""KeyError"": 4, ""ZeroDivisionError"": 1}",results\week8\random_baseline\calculator\edge_case_seed_random_trial3.jsonl
calculator,easy,arithmetic_expression,mutation_based_random,1,100,29,71,90,10,5.791400004454772e-05,37.5,12,32,4,"{""SyntaxError"": 54, ""ValueError"": 14, ""SafetyError"": 1, ""KeyError"": 2}",results\week8\random_baseline\calculator\mutation_based_random_trial1.jsonl
calculator,easy,arithmetic_expression,mutation_based_random,2,100,23,77,90,10,5.680699989170535e-05,37.5,12,32,4,"{""SyntaxError"": 58, ""ValueError"": 14, ""KeyError"": 3, ""SafetyError"": 2}",results\week8\random_baseline\calculator\mutation_based_random_trial2.jsonl
calculator,easy,arithmetic_expression,mutation_based_random,3,100,28,72,86,14,5.273200004012324e-05,34.375,11,32,4,"{""ValueError"": 11, ""SyntaxError"": 59, ""SafetyError"": 1, ""ZeroDivisionError"": 1}",results\week8\random_baseline\calculator\mutation_based_random_trial3.jsonl
calculator,easy,arithmetic_expression,token_aware_random,1,100,3,97,98,2,6.390000011379016e-05,34.375,11,32,5,"{""SafetyError"": 3, ""SyntaxError"": 83, ""ValueError"": 5, ""IndentationError"": 5, ""KeyError"": 1}",results\week8\random_baseline\calculator\token_aware_random_trial1.jsonl
calculator,easy,arithmetic_expression,token_aware_random,2,100,3,97,98,2,6.118499997683102e-05,31.25,10,32,5,"{""SyntaxError"": 80, ""IndentationError"": 11, ""SafetyError"": 2, ""KeyError"": 1, ""ValueError"": 3}",results\week8\random_baseline\calculator\token_aware_random_trial2.jsonl
calculator,easy,arithmetic_expression,token_aware_random,3,100,1,99,98,2,5.679399992004619e-05,31.25,10,32,5,"{""IndentationError"": 10, ""SyntaxError"": 81, ""ValueError"": 6, ""KeyError"": 1, ""SafetyError"": 1}",results\week8\random_baseline\calculator\token_aware_random_trial3.jsonl
color_code_validator,easy,format_validator,basic_character_random,1,100,0,100,96,4,3.001100003530155e-05,27.77777777777778,5,18,1,"{""ValueError"": 100}",results\week8\random_baseline\color_code_validator\basic_character_random_trial1.jsonl
color_code_validator,easy,format_validator,basic_character_random,2,100,0,100,100,0,2.936100008810172e-05,27.77777777777778,5,18,1,"{""ValueError"": 100}",results\week8\random_baseline\color_code_validator\basic_character_random_trial2.jsonl
color_code_validator,easy,format_validator,basic_character_random,3,100,0,100,93,7,3.100500009168172e-05,27.77777777777778,5,18,1,"{""ValueError"": 100}",results\week8\random_baseline\color_code_validator\basic_character_random_trial3.jsonl
color_code_validator,easy,format_validator,coverage_guided_random,1,100,2,98,96,4,2.964000001156819e-05,72.22222222222221,13,18,1,"{""ValueError"": 98}",results\week8\random_baseline\color_code_validator\coverage_guided_random_trial1.jsonl
color_code_validator,easy,format_validator,coverage_guided_random,2,100,1,99,98,2,2.87769998794829e-05,72.22222222222221,13,18,1,"{""ValueError"": 99}",results\week8\random_baseline\color_code_validator\coverage_guided_random_trial2.jsonl
color_code_validator,easy,format_validator,coverage_guided_random,3,100,1,99,95,5,2.850499999112799e-05,72.22222222222221,13,18,1,"{""ValueError"": 99}",results\week8\random_baseline\color_code_validator\coverage_guided_random_trial3.jsonl
color_code_validator,easy,format_validator,edge_case_seed_random,1,100,1,99,82,18,2.9103000088070985e-05,72.22222222222221,13,18,1,"{""ValueError"": 99}",results\week8\random_baseline\color_code_validator\edge_case_seed_random_trial1.jsonl
color_code_validator,easy,format_validator,edge_case_seed_random,2,100,2,98,81,19,3.0912000001990234e-05,72.22222222222221,13,18,1,"{""ValueError"": 98}",results\week8\random_baseline\color_code_validator\edge_case_seed_random_trial2.jsonl
color_code_validator,easy,format_validator,edge_case_seed_random,3,100,4,96,84,16,3.22559999403893e-05,72.22222222222221,13,18,1,"{""ValueError"": 96}",results\week8\random_baseline\color_code_validator\edge_case_seed_random_trial3.jsonl
color_code_validator,easy,format_validator,mutation_based_random,1,100,5,95,90,10,2.9370000083872584e-05,72.22222222222221,13,18,1,"{""ValueError"": 95}",results\week8\random_baseline\color_code_validator\mutation_based_random_trial1.jsonl
color_code_validator,easy,format_validator,mutation_based_random,2,100,10,90,87,13,3.159600008075358e-05,72.22222222222221,13,18,1,"{""ValueError"": 90}",results\week8\random_baseline\color_code_validator\mutation_based_random_trial2.jsonl
color_code_validator,easy,format_validator,mutation_based_random,3,100,9,91,88,12,2.964599996630568e-05,72.22222222222221,13,18,1,"{""ValueError"": 91}",results\week8\random_baseline\color_code_validator\mutation_based_random_trial3.jsonl
color_code_validator,easy,format_validator,token_aware_random,1,100,0,100,95,5,2.9186000047047857e-05,22.22222222222222,4,18,1,"{""ValueError"": 100}",results\week8\random_baseline\color_code_validator\token_aware_random_trial1.jsonl
color_code_validator,easy,format_validator,token_aware_random,2,100,0,100,96,4,2.8795999933208806e-05,22.22222222222222,4,18,1,"{""ValueError"": 100}",results\week8\random_baseline\color_code_validator\token_aware_random_trial2.jsonl
color_code_validator,easy,format_validator,token_aware_random,3,100,0,100,96,4,2.9497000086848855e-05,27.77777777777778,5,18,1,"{""ValueError"": 100}",results\week8\random_baseline\color_code_validator\token_aware_random_trial3.jsonl
command_parser,hard,command_parser,basic_character_random,1,100,0,100,95,5,0.00019813700002487166,27.500000000000004,11,40,1,"{""ValueError"": 100}",results\week8\random_baseline\command_parser\basic_character_random_trial1.jsonl
command_parser,hard,command_parser,basic_character_random,2,100,0,100,99,1,0.0002291609998974309,27.500000000000004,11,40,1,"{""ValueError"": 100}",results\week8\random_baseline\command_parser\basic_character_random_trial2.jsonl
command_parser,hard,command_parser,basic_character_random,3,100,0,100,98,2,0.00019482200003039906,27.500000000000004,11,40,1,"{""ValueError"": 100}",results\week8\random_baseline\command_parser\basic_character_random_trial3.jsonl
command_parser,hard,command_parser,coverage_guided_random,1,100,3,97,100,0,0.00013779600003545057,72.5,29,40,1,"{""ValueError"": 97}",results\week8\random_baseline\command_parser\coverage_guided_random_trial1.jsonl
command_parser,hard,command_parser,coverage_guided_random,2,100,2,98,99,1,0.0001246339999124757,72.5,29,40,1,"{""ValueError"": 98}",results\week8\random_baseline\command_parser\coverage_guided_random_trial2.jsonl
command_parser,hard,command_parser,coverage_guided_random,3,100,2,98,98,2,0.000137209000022267,72.5,29,40,1,"{""ValueError"": 98}",results\week8\random_baseline\command_parser\coverage_guided_random_trial3.jsonl
command_parser,hard,command_parser,edge_case_seed_random,1,100,5,95,86,14,0.0001729840001462435,72.5,29,40,1,"{""ValueError"": 95}",results\week8\random_baseline\command_parser\edge_case_seed_random_trial1.jsonl
command_parser,hard,command_parser,edge_case_seed_random,2,100,4,96,83,17,0.00014647800007878687,72.5,29,40,1,"{""ValueError"": 96}",results\week8\random_baseline\command_parser\edge_case_seed_random_trial2.jsonl
command_parser,hard,command_parser,edge_case_seed_random,3,100,3,97,83,17,0.0001465079998888541,67.5,27,40,1,"{""ValueError"": 97}",results\week8\random_baseline\command_parser\edge_case_seed_random_trial3.jsonl
command_parser,hard,command_parser,mutation_based_random,1,100,17,83,99,1,0.00016525500010175164,72.5,29,40,1,"{""ValueError"": 83}",results\week8\random_baseline\command_parser\mutation_based_random_trial1.jsonl
command_parser,hard,command_parser,mutation_based_random,2,100,15,85,98,2,0.00017080799994801055,72.5,29,40,1,"{""ValueError"": 85}",results\week8\random_baseline\command_parser\mutation_based_random_trial2.jsonl
command_parser,hard,command_parser,mutation_based_random,3,100,14,86,97,3,0.000198731999789743,72.5,29,40,1,"{""ValueError"": 86}",results\week8\random_baseline\command_parser\mutation_based_random_trial3.jsonl
command_parser,hard,command_parser,token_aware_random,1,100,3,97,95,5,0.00020617200005290214,65.0,26,40,1,"{""ValueError"": 97}",results\week8\random_baseline\command_parser\token_aware_random_trial1.jsonl
command_parser,hard,command_parser,token_aware_random,2,100,5,95,94,6,0.00020191300009173574,65.0,26,40,1,"{""ValueError"": 95}",results\week8\random_baseline\command_parser\token_aware_random_trial2.jsonl
command_parser,hard,command_parser,token_aware_random,3,100,5,95,100,0,0.000225261999948998,67.5,27,40,1,"{""ValueError"": 95}",results\week8\random_baseline\command_parser\token_aware_random_trial3.jsonl
config_parser,moderate,key_value_parser,basic_character_random,1,100,11,89,100,0,3.4590999948704845e-05,81.25,26,32,1,"{""ValueError"": 89}",results\week8\random_baseline\config_parser\basic_character_random_trial1.jsonl
config_parser,moderate,key_value_parser,basic_character_random,2,100,13,87,98,2,3.669299998364295e-05,81.25,26,32,1,"{""ValueError"": 87}",results\week8\random_baseline\config_parser\basic_character_random_trial2.jsonl
config_parser,moderate,key_value_parser,basic_character_random,3,100,7,93,98,2,3.644900005383534e-05,78.125,25,32,1,"{""ValueError"": 93}",results\week8\random_baseline\config_parser\basic_character_random_trial3.jsonl
config_parser,moderate,key_value_parser,coverage_guided_random,1,100,7,93,99,1,3.080000018599094e-05,84.375,27,32,1,"{""ValueError"": 93}",results\week8\random_baseline\config_parser\coverage_guided_random_trial1.jsonl
config_parser,moderate,key_value_parser,coverage_guided_random,2,100,8,92,99,1,4.120299994610832e-05,84.375,27,32,1,"{""ValueError"": 92}",results\week8\random_baseline\config_parser\coverage_guided_random_trial2.jsonl
config_parser,moderate,key_value_parser,coverage_guided_random,3,100,11,89,99,1,3.0372000037459656e-05,87.5,28,32,1,"{""ValueError"": 89}",results\week8\random_baseline\config_parser\coverage_guided_random_trial3.jsonl
config_parser,moderate,key_value_parser,edge_case_seed_random,1,100,13,87,83,17,3.670500002044719e-05,84.375,27,32,1,"{""ValueError"": 87}",results\week8\random_baseline\config_parser\edge_case_seed_random_trial1.jsonl
config_parser,moderate,key_value_parser,edge_case_seed_random,2,100,12,88,79,21,3.169099996739533e-05,84.375,27,32,1,"{""ValueError"": 88}",results\week8\random_baseline\config_parser\edge_case_seed_random_trial2.jsonl
config_parser,moderate,key_value_parser,edge_case_seed_random,3,100,10,90,88,12,3.1606000065949045e-05,84.375,27,32,1,"{""ValueError"": 90}",results\week8\random_baseline\config_parser\edge_case_seed_random_trial3.jsonl
config_parser,moderate,key_value_parser,mutation_based_random,1,100,55,45,97,3,3.500599983453867e-05,78.125,25,32,1,"{""ValueError"": 45}",results\week8\random_baseline\config_parser\mutation_based_random_trial1.jsonl
config_parser,moderate,key_value_parser,mutation_based_random,2,100,60,40,95,5,3.887800006850739e-05,81.25,26,32,1,"{""ValueError"": 40}",results\week8\random_baseline\config_parser\mutation_based_random_trial2.jsonl
config_parser,moderate,key_value_parser,mutation_based_random,3,100,49,51,95,5,3.379399984623888e-05,81.25,26,32,1,"{""ValueError"": 51}",results\week8\random_baseline\config_parser\mutation_based_random_trial3.jsonl
config_parser,moderate,key_value_parser,token_aware_random,1,100,8,92,96,4,4.025999991426943e-05,84.375,27,32,1,"{""ValueError"": 92}",results\week8\random_baseline\config_parser\token_aware_random_trial1.jsonl
config_parser,moderate,key_value_parser,token_aware_random,2,100,7,93,96,4,3.734299994903267e-05,84.375,27,32,1,"{""ValueError"": 93}",results\week8\random_baseline\config_parser\token_aware_random_trial2.jsonl
config_parser,moderate,key_value_parser,token_aware_random,3,100,9,91,95,5,3.662699999040342e-05,84.375,27,32,1,"{""ValueError"": 91}",results\week8\random_baseline\config_parser\token_aware_random_trial3.jsonl
csv_parser,moderate,structured_parser,basic_character_random,1,100,14,86,100,0,3.423599997404381e-05,66.66666666666666,16,24,1,"{""ValueError"": 86}",results\week8\random_baseline\csv_parser\basic_character_random_trial1.jsonl
csv_parser,moderate,structured_parser,basic_character_random,2,100,17,83,100,0,3.357299994604546e-05,62.5,15,24,1,"{""ValueError"": 83}",results\week8\random_baseline\csv_parser\basic_character_random_trial2.jsonl
csv_parser,moderate,structured_parser,basic_character_random,3,100,15,85,100,0,3.7070000089443056e-05,62.5,15,24,1,"{""ValueError"": 85}",results\week8\random_baseline\csv_parser\basic_character_random_trial3.jsonl
csv_parser,moderate,structured_parser,coverage_guided_random,1,100,18,82,98,2,3.555400006007403e-05,66.66666666666666,16,24,1,"{""ValueError"": 82}",results\week8\random_baseline\csv_parser\coverage_guided_random_trial1.jsonl
csv_parser,moderate,structured_parser,coverage_guided_random,2,100,24,76,96,4,3.382799988685292e-05,66.66666666666666,16,24,1,"{""ValueError"": 76}",results\week8\random_baseline\csv_parser\coverage_guided_random_trial2.jsonl
csv_parser,moderate,structured_parser,coverage_guided_random,3,100,21,79,98,2,3.5073000053671424e-05,66.66666666666666,16,24,1,"{""ValueError"": 79}",results\week8\random_baseline\csv_parser\coverage_guided_random_trial3.jsonl
csv_parser,moderate,structured_parser,edge_case_seed_random,1,100,18,82,87,13,3.620000012233504e-05,66.66666666666666,16,24,1,"{""ValueError"": 82}",results\week8\random_baseline\csv_parser\edge_case_seed_random_trial1.jsonl
csv_parser,moderate,structured_parser,edge_case_seed_random,2,100,19,81,88,12,3.8442999848484763e-05,66.66666666666666,16,24,1,"{""ValueError"": 81}",results\week8\random_baseline\csv_parser\edge_case_seed_random_trial2.jsonl
csv_parser,moderate,structured_parser,edge_case_seed_random,3,100,21,79,84,16,3.5452999945846386e-05,66.66666666666666,16,24,1,"{""ValueError"": 79}",results\week8\random_baseline\csv_parser\edge_case_seed_random_trial3.jsonl
csv_parser,moderate,structured_parser,mutation_based_random,1,100,71,29,100,0,4.07969999287161e-05,66.66666666666666,16,24,1,"{""ValueError"": 29}",results\week8\random_baseline\csv_parser\mutation_based_random_trial1.jsonl
csv_parser,moderate,structured_parser,mutation_based_random,2,100,69,31,97,3,3.898800016031601e-05,66.66666666666666,16,24,1,"{""ValueError"": 31}",results\week8\random_baseline\csv_parser\mutation_based_random_trial2.jsonl
csv_parser,moderate,structured_parser,mutation_based_random,3,100,67,33,99,1,3.8444999936473324e-05,66.66666666666666,16,24,1,"{""ValueError"": 33}",results\week8\random_baseline\csv_parser\mutation_based_random_trial3.jsonl
csv_parser,moderate,structured_parser,token_aware_random,1,100,10,90,94,6,4.013600006146589e-05,66.66666666666666,16,24,1,"{""ValueError"": 90}",results\week8\random_baseline\csv_parser\token_aware_random_trial1.jsonl
csv_parser,moderate,structured_parser,token_aware_random,2,100,9,91,98,2,3.325599987874739e-05,66.66666666666666,16,24,1,"{""ValueError"": 91}",results\week8\random_baseline\csv_parser\token_aware_random_trial2.jsonl
csv_parser,moderate,structured_parser,token_aware_random,3,100,13,87,96,4,4.21989999631478e-05,66.66666666666666,16,24,1,"{""ValueError"": 87}",results\week8\random_baseline\csv_parser\token_aware_random_trial3.jsonl
date_parser,easy,format_parser,basic_character_random,1,100,0,100,100,0,0.00023964999985764734,37.5,9,24,1,"{""ValueError"": 100}",results\week8\random_baseline\date_parser\basic_character_random_trial1.jsonl
date_parser,easy,format_parser,basic_character_random,2,100,0,100,100,0,9.487899989835569e-05,33.33333333333333,8,24,1,"{""ValueError"": 100}",results\week8\random_baseline\date_parser\basic_character_random_trial2.jsonl
date_parser,easy,format_parser,basic_character_random,3,100,0,100,98,2,9.97090000055323e-05,37.5,9,24,1,"{""ValueError"": 100}",results\week8\random_baseline\date_parser\basic_character_random_trial3.jsonl
date_parser,easy,format_parser,coverage_guided_random,1,100,2,98,97,3,9.030999997776234e-05,62.5,15,24,1,"{""ValueError"": 98}",results\week8\random_baseline\date_parser\coverage_guided_random_trial1.jsonl
date_parser,easy,format_parser,coverage_guided_random,2,100,1,99,98,2,9.378300001117168e-05,62.5,15,24,1,"{""ValueError"": 99}",results\week8\random_baseline\date_parser\coverage_guided_random_trial2.jsonl
date_parser,easy,format_parser,coverage_guided_random,3,100,1,99,96,4,8.58670000343409e-05,62.5,15,24,1,"{""ValueError"": 99}",results\week8\random_baseline\date_parser\coverage_guided_random_trial3.jsonl
date_parser,easy,format_parser,edge_case_seed_random,1,100,3,97,87,13,8.626199998616357e-05,62.5,15,24,1,"{""ValueError"": 97}",results\week8\random_baseline\date_parser\edge_case_seed_random_trial1.jsonl
date_parser,easy,format_parser,edge_case_seed_random,2,100,3,97,90,10,8.561899998312584e-05,62.5,15,24,1,"{""ValueError"": 97}",results\week8\random_baseline\date_parser\edge_case_seed_random_trial2.jsonl
date_parser,easy,format_parser,edge_case_seed_random,3,100,0,100,85,15,8.395100014240597e-05,37.5,9,24,1,"{""ValueError"": 100}",results\week8\random_baseline\date_parser\edge_case_seed_random_trial3.jsonl
date_parser,easy,format_parser,mutation_based_random,1,100,7,93,95,5,9.125299986408209e-05,62.5,15,24,1,"{""ValueError"": 93}",results\week8\random_baseline\date_parser\mutation_based_random_trial1.jsonl
date_parser,easy,format_parser,mutation_based_random,2,100,2,98,89,11,8.744200002183789e-05,62.5,15,24,1,"{""ValueError"": 98}",results\week8\random_baseline\date_parser\mutation_based_random_trial2.jsonl
date_parser,easy,format_parser,mutation_based_random,3,100,2,98,94,6,9.090299990930362e-05,62.5,15,24,1,"{""ValueError"": 98}",results\week8\random_baseline\date_parser\mutation_based_random_trial3.jsonl
date_parser,easy,format_parser,token_aware_random,1,100,0,100,97,3,9.655700006987899e-05,37.5,9,24,1,"{""ValueError"": 100}",results\week8\random_baseline\date_parser\token_aware_random_trial1.jsonl
date_parser,easy,format_parser,token_aware_random,2,100,0,100,99,1,9.385299992572982e-05,37.5,9,24,1,"{""ValueError"": 100}",results\week8\random_baseline\date_parser\token_aware_random_trial2.jsonl
date_parser,easy,format_parser,token_aware_random,3,100,0,100,97,3,0.00010119899998244364,33.33333333333333,8,24,1,"{""ValueError"": 100}",results\week8\random_baseline\date_parser\token_aware_random_trial3.jsonl
email_validator,easy,format_validator,basic_character_random,1,100,0,100,99,1,2.956199987238506e-05,34.78260869565217,8,23,1,"{""ValueError"": 100}",results\week8\random_baseline\email_validator\basic_character_random_trial1.jsonl
email_validator,easy,format_validator,basic_character_random,2,100,0,100,100,0,3.611099991758237e-05,34.78260869565217,8,23,1,"{""ValueError"": 100}",results\week8\random_baseline\email_validator\basic_character_random_trial2.jsonl
email_validator,easy,format_validator,basic_character_random,3,100,0,100,95,5,3.30100002065592e-05,34.78260869565217,8,23,1,"{""ValueError"": 100}",results\week8\random_baseline\email_validator\basic_character_random_trial3.jsonl
email_validator,easy,format_validator,coverage_guided_random,1,100,3,97,98,2,2.8736000022036024e-05,73.91304347826086,17,23,1,"{""ValueError"": 97}",results\week8\random_baseline\email_validator\coverage_guided_random_trial1.jsonl
email_validator,easy,format_validator,coverage_guided_random,2,100,2,98,99,1,2.9316000018297926e-05,73.91304347826086,17,23,1,"{""ValueError"": 98}",results\week8\random_baseline\email_validator\coverage_guided_random_trial2.jsonl
email_validator,easy,format_validator,coverage_guided_random,3,100,5,95,98,2,2.925200014942675e-05,73.91304347826086,17,23,1,"{""ValueError"": 95}",results\week8\random_baseline\email_validator\coverage_guided_random_trial3.jsonl
email_validator,easy,format_validator,edge_case_seed_random,1,100,5,95,83,17,2.991899991684477e-05,65.21739130434783,15,23,1,"{""ValueError"": 95}",results\week8\random_baseline\email_validator\edge_case_seed_random_trial1.jsonl
email_validator,easy,format_validator,edge_case_seed_random,2,100,3,97,80,20,3.825100018730154e-05,69.56521739130434,16,23,1,"{""ValueError"": 97}",results\week8\random_baseline\email_validator\edge_case_seed_random_trial2.jsonl
email_validator,easy,format_validator,edge_case_seed_random,3,100,6,94,84,16,3.3313000058114996e-05,65.21739130434783,15,23,1,"{""ValueError"": 94}",results\week8\random_baseline\email_validator\edge_case_seed_random_trial3.jsonl
email_validator,easy,format_validator,mutation_based_random,1,100,30,70,96,4,3.376100003151805e-05,65.21739130434783,15,23,1,"{""ValueError"": 70}",results\week8\random_baseline\email_validator\mutation_based_random_trial1.jsonl
email_validator,easy,format_validator,mutation_based_random,2,100,26,74,98,2,3.132699994239374e-05,65.21739130434783,15,23,1,"{""ValueError"": 74}",results\week8\random_baseline\email_validator\mutation_based_random_trial2.jsonl
email_validator,easy,format_validator,mutation_based_random,3,100,36,64,97,3,3.434499987633899e-05,65.21739130434783,15,23,1,"{""ValueError"": 64}",results\week8\random_baseline\email_validator\mutation_based_random_trial3.jsonl
email_validator,easy,format_validator,token_aware_random,1,100,0,100,98,2,3.0090999898675365e-05,34.78260869565217,8,23,1,"{""ValueError"": 100}",results\week8\random_baseline\email_validator\token_aware_random_trial1.jsonl
email_validator,easy,format_validator,token_aware_random,2,100,1,99,96,4,3.4435999859852016e-05,60.86956521739131,14,23,1,"{""ValueError"": 99}",results\week8\random_baseline\email_validator\token_aware_random_trial2.jsonl
email_validator,easy,format_validator,token_aware_random,3,100,0,100,97,3,3.0359999982465524e-05,30.434782608695656,7,23,1,"{""ValueError"": 100}",results\week8\random_baseline\email_validator\token_aware_random_trial3.jsonl
file_path_parser,moderate,path_parser,basic_character_random,1,100,7,93,99,1,4.6905999970476844e-05,73.07692307692307,19,26,1,"{""ValueError"": 93}",results\week8\random_baseline\file_path_parser\basic_character_random_trial1.jsonl
file_path_parser,moderate,path_parser,basic_character_random,2,100,2,98,99,1,5.377099996621837e-05,73.07692307692307,19,26,1,"{""ValueError"": 98}",results\week8\random_baseline\file_path_parser\basic_character_random_trial2.jsonl
file_path_parser,moderate,path_parser,basic_character_random,3,100,2,98,99,1,5.179400002816692e-05,73.07692307692307,19,26,1,"{""ValueError"": 98}",results\week8\random_baseline\file_path_parser\basic_character_random_trial3.jsonl
file_path_parser,moderate,path_parser,coverage_guided_random,1,100,26,74,93,7,4.163599993262324e-05,80.76923076923077,21,26,1,"{""ValueError"": 74}",results\week8\random_baseline\file_path_parser\coverage_guided_random_trial1.jsonl
file_path_parser,moderate,path_parser,coverage_guided_random,2,100,32,68,100,0,4.291799996281043e-05,80.76923076923077,21,26,1,"{""ValueError"": 68}",results\week8\random_baseline\file_path_parser\coverage_guided_random_trial2.jsonl
file_path_parser,moderate,path_parser,coverage_guided_random,3,100,42,58,98,2,4.604299992934102e-05,80.76923076923077,21,26,1,"{""ValueError"": 58}",results\week8\random_baseline\file_path_parser\coverage_guided_random_trial3.jsonl
file_path_parser,moderate,path_parser,edge_case_seed_random,1,100,14,86,84,16,5.8923999986291165e-05,76.92307692307693,20,26,1,"{""ValueError"": 86}",results\week8\random_baseline\file_path_parser\edge_case_seed_random_trial1.jsonl
file_path_parser,moderate,path_parser,edge_case_seed_random,2,100,11,89,86,14,4.7634000002290125e-05,76.92307692307693,20,26,1,"{""ValueError"": 89}",results\week8\random_baseline\file_path_parser\edge_case_seed_random_trial2.jsonl
file_path_parser,moderate,path_parser,edge_case_seed_random,3,100,9,91,79,21,4.7198999927786646e-05,76.92307692307693,20,26,1,"{""ValueError"": 91}",results\week8\random_baseline\file_path_parser\edge_case_seed_random_trial3.jsonl
file_path_parser,moderate,path_parser,mutation_based_random,1,100,68,32,96,4,5.524299989701831e-05,76.92307692307693,20,26,1,"{""ValueError"": 32}",results\week8\random_baseline\file_path_parser\mutation_based_random_trial1.jsonl
file_path_parser,moderate,path_parser,mutation_based_random,2,100,52,48,96,4,5.767400001786882e-05,76.92307692307693,20,26,1,"{""ValueError"": 48}",results\week8\random_baseline\file_path_parser\mutation_based_random_trial2.jsonl
file_path_parser,moderate,path_parser,mutation_based_random,3,100,61,39,97,3,5.5984999980864814e-05,76.92307692307693,20,26,1,"{""ValueError"": 39}",results\week8\random_baseline\file_path_parser\mutation_based_random_trial3.jsonl
file_path_parser,moderate,path_parser,token_aware_random,1,100,63,37,97,3,6.0520000060932945e-05,76.92307692307693,20,26,1,"{""ValueError"": 37}",results\week8\random_baseline\file_path_parser\token_aware_random_trial1.jsonl
file_path_parser,moderate,path_parser,token_aware_random,2,100,54,46,95,5,4.986099995221593e-05,76.92307692307693,20,26,1,"{""ValueError"": 46}",results\week8\random_baseline\file_path_parser\token_aware_random_trial2.jsonl
file_path_parser,moderate,path_parser,token_aware_random,3,100,62,38,100,0,6.015199998728349e-05,76.92307692307693,20,26,1,"{""ValueError"": 38}",results\week8\random_baseline\file_path_parser\token_aware_random_trial3.jsonl
http_request_parser,hard,protocol_parser,basic_character_random,1,100,0,100,99,1,3.3548000083101215e-05,25.581395348837212,11,43,1,"{""ValueError"": 100}",results\week8\random_baseline\http_request_parser\basic_character_random_trial1.jsonl
http_request_parser,hard,protocol_parser,basic_character_random,2,100,0,100,100,0,2.985400000397931e-05,23.25581395348837,10,43,1,"{""ValueError"": 100}",results\week8\random_baseline\http_request_parser\basic_character_random_trial2.jsonl
http_request_parser,hard,protocol_parser,basic_character_random,3,100,0,100,96,4,3.2759999976406105e-05,25.581395348837212,11,43,1,"{""ValueError"": 100}",results\week8\random_baseline\http_request_parser\basic_character_random_trial3.jsonl
http_request_parser,hard,protocol_parser,coverage_guided_random,1,100,1,99,98,2,3.158600004098844e-05,88.37209302325581,38,43,1,"{""ValueError"": 99}",results\week8\random_baseline\http_request_parser\coverage_guided_random_trial1.jsonl
http_request_parser,hard,protocol_parser,coverage_guided_random,2,100,3,97,99,1,3.218399999241228e-05,86.04651162790698,37,43,1,"{""ValueError"": 97}",results\week8\random_baseline\http_request_parser\coverage_guided_random_trial2.jsonl
http_request_parser,hard,protocol_parser,coverage_guided_random,3,100,1,99,98,2,3.177199996571289e-05,83.72093023255815,36,43,1,"{""ValueError"": 99}",results\week8\random_baseline\http_request_parser\coverage_guided_random_trial3.jsonl
http_request_parser,hard,protocol_parser,edge_case_seed_random,1,100,1,99,83,17,4.139199996643583e-05,79.06976744186046,34,43,1,"{""ValueError"": 99}",results\week8\random_baseline\http_request_parser\edge_case_seed_random_trial1.jsonl
http_request_parser,hard,protocol_parser,edge_case_seed_random,2,100,4,96,80,20,3.2939999946393073e-05,79.06976744186046,34,43,1,"{""ValueError"": 96}",results\week8\random_baseline\http_request_parser\edge_case_seed_random_trial2.jsonl
http_request_parser,hard,protocol_parser,edge_case_seed_random,3,100,1,99,87,13,3.0989000097179085e-05,79.06976744186046,34,43,1,"{""ValueError"": 99}",results\week8\random_baseline\http_request_parser\edge_case_seed_random_trial3.jsonl
http_request_parser,hard,protocol_parser,mutation_based_random,1,100,15,85,99,1,3.673000001072069e-05,86.04651162790698,37,43,1,"{""ValueError"": 85}",results\week8\random_baseline\http_request_parser\mutation_based_random_trial1.jsonl
http_request_parser,hard,protocol_parser,mutation_based_random,2,100,16,84,97,3,3.2923999988270225e-05,86.04651162790698,37,43,1,"{""ValueError"": 84}",results\week8\random_baseline\http_request_parser\mutation_based_random_trial2.jsonl
http_request_parser,hard,protocol_parser,mutation_based_random,3,100,15,85,100,0,3.509400006805663e-05,81.3953488372093,35,43,1,"{""ValueError"": 85}",results\week8\random_baseline\http_request_parser\mutation_based_random_trial3.jsonl
http_request_parser,hard,protocol_parser,token_aware_random,1,100,0,100,97,3,3.058600008444046e-05,30.23255813953488,13,43,1,"{""ValueError"": 100}",results\week8\random_baseline\http_request_parser\token_aware_random_trial1.jsonl
http_request_parser,hard,protocol_parser,token_aware_random,2,100,0,100,96,4,3.453500008617993e-05,30.23255813953488,13,43,1,"{""ValueError"": 100}",results\week8\random_baseline\http_request_parser\token_aware_random_trial2.jsonl
http_request_parser,hard,protocol_parser,token_aware_random,3,100,0,100,98,2,3.045999988898984e-05,25.581395348837212,11,43,1,"{""ValueError"": 100}",results\week8\random_baseline\http_request_parser\token_aware_random_trial3.jsonl
json_parser,moderate,structured_parser,basic_character_random,1,100,0,100,100,0,4.124400002183393e-05,31.57894736842105,6,19,1,"{""ValueError"": 100}",results\week8\random_baseline\json_parser\basic_character_random_trial1.jsonl
json_parser,moderate,structured_parser,basic_character_random,2,100,0,100,100,0,4.02560000475205e-05,36.84210526315789,7,19,1,"{""ValueError"": 100}",results\week8\random_baseline\json_parser\basic_character_random_trial2.jsonl
json_parser,moderate,structured_parser,basic_character_random,3,100,0,100,97,3,4.442400002517388e-05,47.368421052631575,9,19,1,"{""ValueError"": 100}",results\week8\random_baseline\json_parser\basic_character_random_trial3.jsonl
json_parser,moderate,structured_parser,coverage_guided_random,1,100,3,97,98,2,3.9263999915419846e-05,78.94736842105263,15,19,1,"{""ValueError"": 97}",results\week8\random_baseline\json_parser\coverage_guided_random_trial1.jsonl
json_parser,moderate,structured_parser,coverage_guided_random,2,100,3,97,97,3,4.3863999981113014e-05,78.94736842105263,15,19,1,"{""ValueError"": 97}",results\week8\random_baseline\json_parser\coverage_guided_random_trial2.jsonl
json_parser,moderate,structured_parser,coverage_guided_random,3,100,1,99,96,4,3.8663000013912095e-05,78.94736842105263,15,19,1,"{""ValueError"": 99}",results\week8\random_baseline\json_parser\coverage_guided_random_trial3.jsonl
json_parser,moderate,structured_parser,edge_case_seed_random,1,100,1,99,91,9,4.4589999943127624e-05,78.94736842105263,15,19,1,"{""ValueError"": 99}",results\week8\random_baseline\json_parser\edge_case_seed_random_trial1.jsonl
json_parser,moderate,structured_parser,edge_case_seed_random,2,100,2,98,83,17,3.866599998218589e-05,78.94736842105263,15,19,1,"{""ValueError"": 98}",results\week8\random_baseline\json_parser\edge_case_seed_random_trial2.jsonl
json_parser,moderate,structured_parser,edge_case_seed_random,3,100,6,94,89,11,4.421899999215384e-05,78.94736842105263,15,19,1,"{""ValueError"": 94}",results\week8\random_baseline\json_parser\edge_case_seed_random_trial3.jsonl
json_parser,moderate,structured_parser,mutation_based_random,1,100,9,91,95,5,5.0991000061912925e-05,73.68421052631578,14,19,1,"{""ValueError"": 91}",results\week8\random_baseline\json_parser\mutation_based_random_trial1.jsonl
json_parser,moderate,structured_parser,mutation_based_random,2,100,5,95,97,3,4.0611000022181544e-05,68.42105263157895,13,19,1,"{""ValueError"": 95}",results\week8\random_baseline\json_parser\mutation_based_random_trial2.jsonl
json_parser,moderate,structured_parser,mutation_based_random,3,100,6,94,94,6,4.1431999870837896e-05,73.68421052631578,14,19,1,"{""ValueError"": 94}",results\week8\random_baseline\json_parser\mutation_based_random_trial3.jsonl
json_parser,moderate,structured_parser,token_aware_random,1,100,0,100,99,1,4.422899995915941e-05,47.368421052631575,9,19,1,"{""ValueError"": 100}",results\week8\random_baseline\json_parser\token_aware_random_trial1.jsonl
json_parser,moderate,structured_parser,token_aware_random,2,100,0,100,97,3,4.348900005425094e-05,42.10526315789473,8,19,1,"{""ValueError"": 100}",results\week8\random_baseline\json_parser\token_aware_random_trial2.jsonl
json_parser,moderate,structured_parser,token_aware_random,3,100,0,100,96,4,4.410899995491491e-05,47.368421052631575,9,19,1,"{""ValueError"": 100}",results\week8\random_baseline\json_parser\token_aware_random_trial3.jsonl
log_line_parser,moderate,structured_parser,basic_character_random,1,100,0,100,95,5,3.299899997728062e-05,31.818181818181817,7,22,1,"{""ValueError"": 100}",results\week8\random_baseline\log_line_parser\basic_character_random_trial1.jsonl
log_line_parser,moderate,structured_parser,basic_character_random,2,100,0,100,97,3,3.0235999984142835e-05,31.818181818181817,7,22,1,"{""ValueError"": 100}",results\week8\random_baseline\log_line_parser\basic_character_random_trial2.jsonl
log_line_parser,moderate,structured_parser,basic_character_random,3,100,0,100,99,1,3.1154000098467804e-05,31.818181818181817,7,22,1,"{""ValueError"": 100}",results\week8\random_baseline\log_line_parser\basic_character_random_trial3.jsonl
log_line_parser,moderate,structured_parser,coverage_guided_random,1,100,4,96,97,3,2.9446999869833236e-05,68.18181818181817,15,22,1,"{""ValueError"": 96}",results\week8\random_baseline\log_line_parser\coverage_guided_random_trial1.jsonl
log_line_parser,moderate,structured_parser,coverage_guided_random,2,100,3,97,97,3,3.048299997317372e-05,68.18181818181817,15,22,1,"{""ValueError"": 97}",results\week8\random_baseline\log_line_parser\coverage_guided_random_trial2.jsonl
log_line_parser,moderate,structured_parser,coverage_guided_random,3,100,1,99,97,3,2.9192999918450368e-05,68.18181818181817,15,22,1,"{""ValueError"": 99}",results\week8\random_baseline\log_line_parser\coverage_guided_random_trial3.jsonl
log_line_parser,moderate,structured_parser,edge_case_seed_random,1,100,7,93,87,13,3.306399990833597e-05,68.18181818181817,15,22,1,"{""ValueError"": 93}",results\week8\random_baseline\log_line_parser\edge_case_seed_random_trial1.jsonl
log_line_parser,moderate,structured_parser,edge_case_seed_random,2,100,8,92,79,21,3.0099999876256333e-05,68.18181818181817,15,22,1,"{""ValueError"": 92}",results\week8\random_baseline\log_line_parser\edge_case_seed_random_trial2.jsonl
log_line_parser,moderate,structured_parser,edge_case_seed_random,3,100,5,95,90,10,3.775999999561464e-05,68.18181818181817,15,22,1,"{""ValueError"": 95}",results\week8\random_baseline\log_line_parser\edge_case_seed_random_trial3.jsonl
log_line_parser,moderate,structured_parser,mutation_based_random,1,100,27,73,99,1,3.1323000112024605e-05,63.63636363636363,14,22,1,"{""ValueError"": 73}",results\week8\random_baseline\log_line_parser\mutation_based_random_trial1.jsonl
log_line_parser,moderate,structured_parser,mutation_based_random,2,100,32,68,98,2,3.177400003551156e-05,63.63636363636363,14,22,1,"{""ValueError"": 68}",results\week8\random_baseline\log_line_parser\mutation_based_random_trial2.jsonl
log_line_parser,moderate,structured_parser,mutation_based_random,3,100,27,73,98,2,3.6027999867656036e-05,68.18181818181817,15,22,1,"{""ValueError"": 73}",results\week8\random_baseline\log_line_parser\mutation_based_random_trial3.jsonl
log_line_parser,moderate,structured_parser,token_aware_random,1,100,0,100,99,1,3.111800007900456e-05,31.818181818181817,7,22,1,"{""ValueError"": 100}",results\week8\random_baseline\log_line_parser\token_aware_random_trial1.jsonl
log_line_parser,moderate,structured_parser,token_aware_random,2,100,0,100,96,4,3.0375999958778266e-05,27.27272727272727,6,22,1,"{""ValueError"": 100}",results\week8\random_baseline\log_line_parser\token_aware_random_trial2.jsonl
log_line_parser,moderate,structured_parser,token_aware_random,3,100,0,100,97,3,3.155499996864819e-05,31.818181818181817,7,22,1,"{""ValueError"": 100}",results\week8\random_baseline\log_line_parser\token_aware_random_trial3.jsonl
markdown_link_parser,moderate,structured_parser,basic_character_random,1,100,0,100,100,0,2.9138999998394866e-05,23.809523809523807,5,21,1,"{""ValueError"": 100}",results\week8\random_baseline\markdown_link_parser\basic_character_random_trial1.jsonl
markdown_link_parser,moderate,structured_parser,basic_character_random,2,100,0,100,100,0,3.475299992715009e-05,28.57142857142857,6,21,1,"{""ValueError"": 100}",results\week8\random_baseline\markdown_link_parser\basic_character_random_trial2.jsonl
markdown_link_parser,moderate,structured_parser,basic_character_random,3,100,0,100,99,1,3.4155999983340735e-05,28.57142857142857,6,21,1,"{""ValueError"": 100}",results\week8\random_baseline\markdown_link_parser\basic_character_random_trial3.jsonl
markdown_link_parser,moderate,structured_parser,coverage_guided_random,1,100,3,97,99,1,2.9515999940485927e-05,71.42857142857143,15,21,1,"{""ValueError"": 97}",results\week8\random_baseline\markdown_link_parser\coverage_guided_random_trial1.jsonl
markdown_link_parser,moderate,structured_parser,coverage_guided_random,2,100,6,94,98,2,2.882400007365504e-05,71.42857142857143,15,21,1,"{""ValueError"": 94}",results\week8\random_baseline\markdown_link_parser\coverage_guided_random_trial2.jsonl
markdown_link_parser,moderate,structured_parser,coverage_guided_random,3,100,1,99,95,5,2.88929999442189e-05,66.66666666666666,14,21,1,"{""ValueError"": 99}",results\week8\random_baseline\markdown_link_parser\coverage_guided_random_trial3.jsonl
markdown_link_parser,moderate,structured_parser,edge_case_seed_random,1,100,2,98,81,19,3.403600001547602e-05,66.66666666666666,14,21,1,"{""ValueError"": 98}",results\week8\random_baseline\markdown_link_parser\edge_case_seed_random_trial1.jsonl
markdown_link_parser,moderate,structured_parser,edge_case_seed_random,2,100,3,97,82,18,3.1391000047733544e-05,66.66666666666666,14,21,1,"{""ValueError"": 97}",results\week8\random_baseline\markdown_link_parser\edge_case_seed_random_trial2.jsonl
markdown_link_parser,moderate,structured_parser,edge_case_seed_random,3,100,1,99,88,12,3.512299992507906e-05,66.66666666666666,14,21,1,"{""ValueError"": 99}",results\week8\random_baseline\markdown_link_parser\edge_case_seed_random_trial3.jsonl
markdown_link_parser,moderate,structured_parser,mutation_based_random,1,100,13,87,99,1,3.6115000057179714e-05,71.42857142857143,15,21,1,"{""ValueError"": 87}",results\week8\random_baseline\markdown_link_parser\mutation_based_random_trial1.jsonl
markdown_link_parser,moderate,structured_parser,mutation_based_random,2,100,18,82,97,3,3.0411999996431406e-05,71.42857142857143,15,21,1,"{""ValueError"": 82}",results\week8\random_baseline\markdown_link_parser\mutation_based_random_trial2.jsonl
markdown_link_parser,moderate,structured_parser,mutation_based_random,3,100,18,82,100,0,3.566300003512879e-05,71.42857142857143,15,21,1,"{""ValueError"": 82}",results\week8\random_baseline\markdown_link_parser\mutation_based_random_trial3.jsonl
markdown_link_parser,moderate,structured_parser,token_aware_random,1,100,0,100,98,2,3.8152999932208333e-05,28.57142857142857,6,21,1,"{""ValueError"": 100}",results\week8\random_baseline\markdown_link_parser\token_aware_random_trial1.jsonl
markdown_link_parser,moderate,structured_parser,token_aware_random,2,100,0,100,96,4,3.0938000072637806e-05,28.57142857142857,6,21,1,"{""ValueError"": 100}",results\week8\random_baseline\markdown_link_parser\token_aware_random_trial2.jsonl
markdown_link_parser,moderate,structured_parser,token_aware_random,3,100,0,100,95,5,3.0507999999827005e-05,28.57142857142857,6,21,1,"{""ValueError"": 100}",results\week8\random_baseline\markdown_link_parser\token_aware_random_trial3.jsonl
mini_protocol_parser,hard,protocol_parser,basic_character_random,1,100,0,100,100,0,3.459100020336336e-05,17.391304347826086,8,46,1,"{""ValueError"": 100}",results\week8\random_baseline\mini_protocol_parser\basic_character_random_trial1.jsonl
mini_protocol_parser,hard,protocol_parser,basic_character_random,2,100,0,100,99,1,3.583299987440114e-05,17.391304347826086,8,46,1,"{""ValueError"": 100}",results\week8\random_baseline\mini_protocol_parser\basic_character_random_trial2.jsonl
mini_protocol_parser,hard,protocol_parser,basic_character_random,3,100,0,100,99,1,3.4983000059582995e-05,17.391304347826086,8,46,1,"{""ValueError"": 100}",results\week8\random_baseline\mini_protocol_parser\basic_character_random_trial3.jsonl
mini_protocol_parser,hard,protocol_parser,coverage_guided_random,1,100,4,96,98,2,3.116200006843428e-05,82.6086956521739,38,46,1,"{""ValueError"": 96}",results\week8\random_baseline\mini_protocol_parser\coverage_guided_random_trial1.jsonl
mini_protocol_parser,hard,protocol_parser,coverage_guided_random,2,100,3,97,98,2,3.440400005274569e-05,84.78260869565217,39,46,1,"{""ValueError"": 97}",results\week8\random_baseline\mini_protocol_parser\coverage_guided_random_trial2.jsonl
mini_protocol_parser,hard,protocol_parser,coverage_guided_random,3,100,3,97,96,4,3.3995000158029144e-05,84.78260869565217,39,46,1,"{""ValueError"": 97}",results\week8\random_baseline\mini_protocol_parser\coverage_guided_random_trial3.jsonl
mini_protocol_parser,hard,protocol_parser,edge_case_seed_random,1,100,2,98,93,7,3.2191000045713735e-05,54.347826086956516,25,46,1,"{""ValueError"": 98}",results\week8\random_baseline\mini_protocol_parser\edge_case_seed_random_trial1.jsonl
mini_protocol_parser,hard,protocol_parser,edge_case_seed_random,2,100,4,96,83,17,3.512599998430233e-05,69.56521739130434,32,46,1,"{""ValueError"": 96}",results\week8\random_baseline\mini_protocol_parser\edge_case_seed_random_trial2.jsonl
mini_protocol_parser,hard,protocol_parser,edge_case_seed_random,3,100,4,96,90,10,3.0485000024782494e-05,80.43478260869566,37,46,1,"{""ValueError"": 96}",results\week8\random_baseline\mini_protocol_parser\edge_case_seed_random_trial3.jsonl
mini_protocol_parser,hard,protocol_parser,mutation_based_random,1,100,11,89,97,3,3.181500012942706e-05,82.6086956521739,38,46,1,"{""ValueError"": 89}",results\week8\random_baseline\mini_protocol_parser\mutation_based_random_trial1.jsonl
mini_protocol_parser,hard,protocol_parser,mutation_based_random,2,100,6,94,96,4,3.481500007183058e-05,82.6086956521739,38,46,1,"{""ValueError"": 94}",results\week8\random_baseline\mini_protocol_parser\mutation_based_random_trial2.jsonl
mini_protocol_parser,hard,protocol_parser,mutation_based_random,3,100,12,88,93,7,3.08960000074876e-05,80.43478260869566,37,46,1,"{""ValueError"": 88}",results\week8\random_baseline\mini_protocol_parser\mutation_based_random_trial3.jsonl
mini_protocol_parser,hard,protocol_parser,token_aware_random,1,100,0,100,97,3,3.0461999976978404e-05,32.608695652173914,15,46,1,"{""ValueError"": 100}",results\week8\random_baseline\mini_protocol_parser\token_aware_random_trial1.jsonl
mini_protocol_parser,hard,protocol_parser,token_aware_random,2,100,0,100,97,3,3.4651000114536145e-05,39.130434782608695,18,46,1,"{""ValueError"": 100}",results\week8\random_baseline\mini_protocol_parser\token_aware_random_trial2.jsonl
mini_protocol_parser,hard,protocol_parser,token_aware_random,3,100,0,100,95,5,2.9903999966336414e-05,26.08695652173913,12,46,1,"{""ValueError"": 100}",results\week8\random_baseline\mini_protocol_parser\token_aware_random_trial3.jsonl
password_checker,easy,rule_validator,basic_character_random,1,100,70,30,98,2,5.686899992724648e-05,70.83333333333334,17,24,1,"{""ValueError"": 30}",results\week8\random_baseline\password_checker\basic_character_random_trial1.jsonl
password_checker,easy,rule_validator,basic_character_random,2,100,76,24,96,4,5.998899998303387e-05,70.83333333333334,17,24,1,"{""ValueError"": 24}",results\week8\random_baseline\password_checker\basic_character_random_trial2.jsonl
password_checker,easy,rule_validator,basic_character_random,3,100,76,24,99,1,6.210399978954229e-05,70.83333333333334,17,24,1,"{""ValueError"": 24}",results\week8\random_baseline\password_checker\basic_character_random_trial3.jsonl
password_checker,easy,rule_validator,coverage_guided_random,1,100,10,90,98,2,4.3300999932398556e-05,79.16666666666666,19,24,1,"{""ValueError"": 90}",results\week8\random_baseline\password_checker\coverage_guided_random_trial1.jsonl
password_checker,easy,rule_validator,coverage_guided_random,2,100,15,85,99,1,4.1145000122924105e-05,79.16666666666666,19,24,1,"{""ValueError"": 85}",results\week8\random_baseline\password_checker\coverage_guided_random_trial2.jsonl
password_checker,easy,rule_validator,coverage_guided_random,3,100,16,84,99,1,3.8392999922507446e-05,79.16666666666666,19,24,1,"{""ValueError"": 84}",results\week8\random_baseline\password_checker\coverage_guided_random_trial3.jsonl
password_checker,easy,rule_validator,edge_case_seed_random,1,100,10,90,82,18,3.740000012840028e-05,75.0,18,24,1,"{""ValueError"": 90}",results\week8\random_baseline\password_checker\edge_case_seed_random_trial1.jsonl
password_checker,easy,rule_validator,edge_case_seed_random,2,100,20,80,92,8,4.377199997179559e-05,79.16666666666666,19,24,1,"{""ValueError"": 80}",results\week8\random_baseline\password_checker\edge_case_seed_random_trial2.jsonl
password_checker,easy,rule_validator,edge_case_seed_random,3,100,10,90,78,22,4.1304000005766285e-05,79.16666666666666,19,24,1,"{""ValueError"": 90}",results\week8\random_baseline\password_checker\edge_case_seed_random_trial3.jsonl
password_checker,easy,rule_validator,mutation_based_random,1,100,62,38,97,3,5.690000003596651e-05,70.83333333333334,17,24,1,"{""ValueError"": 38}",results\week8\random_baseline\password_checker\mutation_based_random_trial1.jsonl
password_checker,easy,rule_validator,mutation_based_random,2,100,48,52,94,6,5.067699994469877e-05,70.83333333333334,17,24,1,"{""ValueError"": 52}",results\week8\random_baseline\password_checker\mutation_based_random_trial2.jsonl
password_checker,easy,rule_validator,mutation_based_random,3,100,59,41,91,9,5.4821000030642605e-05,70.83333333333334,17,24,1,"{""ValueError"": 41}",results\week8\random_baseline\password_checker\mutation_based_random_trial3.jsonl
password_checker,easy,rule_validator,token_aware_random,1,100,40,60,99,1,6.333800012725988e-05,75.0,18,24,1,"{""ValueError"": 60}",results\week8\random_baseline\password_checker\token_aware_random_trial1.jsonl
password_checker,easy,rule_validator,token_aware_random,2,100,32,68,95,5,6.764599991583964e-05,70.83333333333334,17,24,1,"{""ValueError"": 68}",results\week8\random_baseline\password_checker\token_aware_random_trial2.jsonl
password_checker,easy,rule_validator,token_aware_random,3,100,39,61,97,3,5.224399992584949e-05,70.83333333333334,17,24,1,"{""ValueError"": 61}",results\week8\random_baseline\password_checker\token_aware_random_trial3.jsonl
phone_validator,easy,format_validator,basic_character_random,1,100,0,100,100,0,2.978799997435999e-05,36.36363636363637,8,22,1,"{""ValueError"": 100}",results\week8\random_baseline\phone_validator\basic_character_random_trial1.jsonl
phone_validator,easy,format_validator,basic_character_random,2,100,0,100,99,1,3.264900002250215e-05,36.36363636363637,8,22,1,"{""ValueError"": 100}",results\week8\random_baseline\phone_validator\basic_character_random_trial2.jsonl
phone_validator,easy,format_validator,basic_character_random,3,100,0,100,100,0,3.251600011935807e-05,31.818181818181817,7,22,1,"{""ValueError"": 100}",results\week8\random_baseline\phone_validator\basic_character_random_trial3.jsonl
phone_validator,easy,format_validator,coverage_guided_random,1,100,0,100,97,3,3.3068999873648866e-05,36.36363636363637,8,22,1,"{""ValueError"": 100}",results\week8\random_baseline\phone_validator\coverage_guided_random_trial1.jsonl
phone_validator,easy,format_validator,coverage_guided_random,2,100,0,100,95,5,3.39049999092822e-05,36.36363636363637,8,22,1,"{""ValueError"": 100}",results\week8\random_baseline\phone_validator\coverage_guided_random_trial2.jsonl
phone_validator,easy,format_validator,coverage_guided_random,3,100,1,99,98,2,3.0979999901319386e-05,59.09090909090909,13,22,1,"{""ValueError"": 99}",results\week8\random_baseline\phone_validator\coverage_guided_random_trial3.jsonl
phone_validator,easy,format_validator,edge_case_seed_random,1,100,0,100,82,18,3.294299986009719e-05,36.36363636363637,8,22,1,"{""ValueError"": 100}",results\week8\random_baseline\phone_validator\edge_case_seed_random_trial1.jsonl
phone_validator,easy,format_validator,edge_case_seed_random,2,100,2,98,87,13,3.700200009916443e-05,59.09090909090909,13,22,1,"{""ValueError"": 98}",results\week8\random_baseline\phone_validator\edge_case_seed_random_trial2.jsonl
phone_validator,easy,format_validator,edge_case_seed_random,3,100,2,98,87,13,3.186100009770598e-05,59.09090909090909,13,22,1,"{""ValueError"": 98}",results\week8\random_baseline\phone_validator\edge_case_seed_random_trial3.jsonl
phone_validator,easy,format_validator,mutation_based_random,1,100,1,99,95,5,3.463200000624056e-05,59.09090909090909,13,22,1,"{""ValueError"": 99}",results\week8\random_baseline\phone_validator\mutation_based_random_trial1.jsonl
phone_validator,easy,format_validator,mutation_based_random,2,100,2,98,94,6,3.495199991448317e-05,59.09090909090909,13,22,1,"{""ValueError"": 98}",results\week8\random_baseline\phone_validator\mutation_based_random_trial2.jsonl
phone_validator,easy,format_validator,mutation_based_random,3,100,3,97,94,6,3.4840999996958997e-05,59.09090909090909,13,22,1,"{""ValueError"": 97}",results\week8\random_baseline\phone_validator\mutation_based_random_trial3.jsonl
phone_validator,easy,format_validator,token_aware_random,1,100,0,100,99,1,3.356000006533577e-05,31.818181818181817,7,22,1,"{""ValueError"": 100}",results\week8\random_baseline\phone_validator\token_aware_random_trial1.jsonl
phone_validator,easy,format_validator,token_aware_random,2,100,0,100,98,2,3.11919999330712e-05,36.36363636363637,8,22,1,"{""ValueError"": 100}",results\week8\random_baseline\phone_validator\token_aware_random_trial2.jsonl
phone_validator,easy,format_validator,token_aware_random,3,100,0,100,99,1,3.388300003280165e-05,36.36363636363637,8,22,1,"{""ValueError"": 100}",results\week8\random_baseline\phone_validator\token_aware_random_trial3.jsonl
query_string_parser,moderate,structured_parser,basic_character_random,1,100,15,85,99,1,5.842700007633539e-05,75.0,21,28,1,"{""ValueError"": 85}",results\week8\random_baseline\query_string_parser\basic_character_random_trial1.jsonl
query_string_parser,moderate,structured_parser,basic_character_random,2,100,6,94,99,1,5.241799986833939e-05,71.42857142857143,20,28,1,"{""ValueError"": 94}",results\week8\random_baseline\query_string_parser\basic_character_random_trial2.jsonl
query_string_parser,moderate,structured_parser,basic_character_random,3,100,16,84,99,1,5.3675000071962134e-05,71.42857142857143,20,28,1,"{""ValueError"": 84}",results\week8\random_baseline\query_string_parser\basic_character_random_trial3.jsonl
query_string_parser,moderate,structured_parser,coverage_guided_random,1,100,18,82,98,2,4.998800006433157e-05,85.71428571428571,24,28,1,"{""ValueError"": 82}",results\week8\random_baseline\query_string_parser\coverage_guided_random_trial1.jsonl
query_string_parser,moderate,structured_parser,coverage_guided_random,2,100,18,82,95,5,4.7767000123712935e-05,85.71428571428571,24,28,1,"{""ValueError"": 82}",results\week8\random_baseline\query_string_parser\coverage_guided_random_trial2.jsonl
query_string_parser,moderate,structured_parser,coverage_guided_random,3,100,22,78,100,0,4.450800006452482e-05,85.71428571428571,24,28,1,"{""ValueError"": 78}",results\week8\random_baseline\query_string_parser\coverage_guided_random_trial3.jsonl
query_string_parser,moderate,structured_parser,edge_case_seed_random,1,100,15,85,85,15,6.451099983678432e-05,75.0,21,28,1,"{""ValueError"": 85}",results\week8\random_baseline\query_string_parser\edge_case_seed_random_trial1.jsonl
query_string_parser,moderate,structured_parser,edge_case_seed_random,2,100,14,86,85,15,4.9760000038077124e-05,78.57142857142857,22,28,1,"{""ValueError"": 86}",results\week8\random_baseline\query_string_parser\edge_case_seed_random_trial2.jsonl
query_string_parser,moderate,structured_parser,edge_case_seed_random,3,100,17,83,81,19,5.070799996246933e-05,78.57142857142857,22,28,1,"{""ValueError"": 83}",results\week8\random_baseline\query_string_parser\edge_case_seed_random_trial3.jsonl
query_string_parser,moderate,structured_parser,mutation_based_random,1,100,53,47,95,5,5.2937999989808303e-05,78.57142857142857,22,28,1,"{""ValueError"": 47}",results\week8\random_baseline\query_string_parser\mutation_based_random_trial1.jsonl
query_string_parser,moderate,structured_parser,mutation_based_random,2,100,62,38,96,4,5.4133999929035783e-05,71.42857142857143,20,28,1,"{""ValueError"": 38}",results\week8\random_baseline\query_string_parser\mutation_based_random_trial2.jsonl
query_string_parser,moderate,structured_parser,mutation_based_random,3,100,61,39,97,3,5.50900000052934e-05,71.42857142857143,20,28,1,"{""ValueError"": 39}",results\week8\random_baseline\query_string_parser\mutation_based_random_trial3.jsonl
query_string_parser,moderate,structured_parser,token_aware_random,1,100,13,87,96,4,4.8637999989296076e-05,75.0,21,28,1,"{""ValueError"": 87}",results\week8\random_baseline\query_string_parser\token_aware_random_trial1.jsonl
query_string_parser,moderate,structured_parser,token_aware_random,2,100,12,88,97,3,5.061299991211854e-05,78.57142857142857,22,28,1,"{""ValueError"": 88}",results\week8\random_baseline\query_string_parser\token_aware_random_trial2.jsonl
query_string_parser,moderate,structured_parser,token_aware_random,3,100,18,82,99,1,5.8154999987891645e-05,75.0,21,28,1,"{""ValueError"": 82}",results\week8\random_baseline\query_string_parser\token_aware_random_trial3.jsonl
sql_where_parser,hard,grammar_parser,basic_character_random,1,100,0,100,98,2,3.5848999905283565e-05,23.404255319148938,11,47,1,"{""ValueError"": 100}",results\week8\random_baseline\sql_where_parser\basic_character_random_trial1.jsonl
sql_where_parser,hard,grammar_parser,basic_character_random,2,100,0,100,99,1,3.564800004824065e-05,23.404255319148938,11,47,1,"{""ValueError"": 100}",results\week8\random_baseline\sql_where_parser\basic_character_random_trial2.jsonl
sql_where_parser,hard,grammar_parser,basic_character_random,3,100,0,100,95,5,3.127299996776856e-05,23.404255319148938,11,47,1,"{""ValueError"": 100}",results\week8\random_baseline\sql_where_parser\basic_character_random_trial3.jsonl
sql_where_parser,hard,grammar_parser,coverage_guided_random,1,100,3,97,98,2,3.090799989877269e-05,72.3404255319149,34,47,1,"{""ValueError"": 97}",results\week8\random_baseline\sql_where_parser\coverage_guided_random_trial1.jsonl
sql_where_parser,hard,grammar_parser,coverage_guided_random,2,100,3,97,100,0,3.606100013712421e-05,72.3404255319149,34,47,1,"{""ValueError"": 97}",results\week8\random_baseline\sql_where_parser\coverage_guided_random_trial2.jsonl
sql_where_parser,hard,grammar_parser,coverage_guided_random,3,100,3,97,98,2,3.1246000035025645e-05,72.3404255319149,34,47,1,"{""ValueError"": 97}",results\week8\random_baseline\sql_where_parser\coverage_guided_random_trial3.jsonl
sql_where_parser,hard,grammar_parser,edge_case_seed_random,1,100,6,94,88,12,3.801900000325986e-05,72.3404255319149,34,47,1,"{""ValueError"": 94}",results\week8\random_baseline\sql_where_parser\edge_case_seed_random_trial1.jsonl
sql_where_parser,hard,grammar_parser,edge_case_seed_random,2,100,3,97,90,10,3.71550001000287e-05,63.829787234042556,30,47,1,"{""ValueError"": 97}",results\week8\random_baseline\sql_where_parser\edge_case_seed_random_trial2.jsonl
sql_where_parser,hard,grammar_parser,edge_case_seed_random,3,100,5,95,86,14,3.5914999989472564e-05,70.2127659574468,33,47,1,"{""ValueError"": 95}",results\week8\random_baseline\sql_where_parser\edge_case_seed_random_trial3.jsonl
sql_where_parser,hard,grammar_parser,mutation_based_random,1,100,13,87,97,3,3.7051999988761964e-05,72.3404255319149,34,47,1,"{""ValueError"": 87}",results\week8\random_baseline\sql_where_parser\mutation_based_random_trial1.jsonl
sql_where_parser,hard,grammar_parser,mutation_based_random,2,100,18,82,98,2,3.654800000731484e-05,72.3404255319149,34,47,1,"{""ValueError"": 82}",results\week8\random_baseline\sql_where_parser\mutation_based_random_trial2.jsonl
sql_where_parser,hard,grammar_parser,mutation_based_random,3,100,8,92,96,4,3.277900013927137e-05,63.829787234042556,30,47,1,"{""ValueError"": 92}",results\week8\random_baseline\sql_where_parser\mutation_based_random_trial3.jsonl
sql_where_parser,hard,grammar_parser,token_aware_random,1,100,0,100,98,2,4.0901000047597336e-05,57.446808510638306,27,47,1,"{""ValueError"": 100}",results\week8\random_baseline\sql_where_parser\token_aware_random_trial1.jsonl
sql_where_parser,hard,grammar_parser,token_aware_random,2,100,0,100,99,1,3.5369999841350365e-05,57.446808510638306,27,47,1,"{""ValueError"": 100}",results\week8\random_baseline\sql_where_parser\token_aware_random_trial2.jsonl
sql_where_parser,hard,grammar_parser,token_aware_random,3,100,1,99,98,2,3.794999985984759e-05,65.95744680851064,31,47,1,"{""ValueError"": 99}",results\week8\random_baseline\sql_where_parser\token_aware_random_trial3.jsonl
template_renderer,hard,template_parser,basic_character_random,1,100,65,35,100,0,3.108999990217853e-05,50.0,16,32,1,"{""ValueError"": 35}",results\week8\random_baseline\template_renderer\basic_character_random_trial1.jsonl
template_renderer,hard,template_parser,basic_character_random,2,100,65,35,97,3,3.068699998038937e-05,50.0,16,32,1,"{""ValueError"": 35}",results\week8\random_baseline\template_renderer\basic_character_random_trial2.jsonl
template_renderer,hard,template_parser,basic_character_random,3,100,59,41,100,0,3.415500004848582e-05,50.0,16,32,1,"{""ValueError"": 41}",results\week8\random_baseline\template_renderer\basic_character_random_trial3.jsonl
template_renderer,hard,template_parser,coverage_guided_random,1,100,32,68,100,0,3.0323000100906938e-05,65.625,21,32,2,"{""ValueError"": 64, ""KeyError"": 4}",results\week8\random_baseline\template_renderer\coverage_guided_random_trial1.jsonl
template_renderer,hard,template_parser,coverage_guided_random,2,100,40,60,98,2,2.959799992822809e-05,65.625,21,32,2,"{""ValueError"": 58, ""KeyError"": 2}",results\week8\random_baseline\template_renderer\coverage_guided_random_trial2.jsonl
template_renderer,hard,template_parser,coverage_guided_random,3,100,34,66,99,1,3.5439999955997336e-05,65.625,21,32,2,"{""ValueError"": 63, ""KeyError"": 3}",results\week8\random_baseline\template_renderer\coverage_guided_random_trial3.jsonl
template_renderer,hard,template_parser,edge_case_seed_random,1,100,63,37,85,15,3.133899999738787e-05,65.625,21,32,2,"{""ValueError"": 34, ""KeyError"": 3}",results\week8\random_baseline\template_renderer\edge_case_seed_random_trial1.jsonl
template_renderer,hard,template_parser,edge_case_seed_random,2,100,73,27,87,13,3.318100003525615e-05,62.5,20,32,1,"{""ValueError"": 27}",results\week8\random_baseline\template_renderer\edge_case_seed_random_trial2.jsonl
template_renderer,hard,template_parser,edge_case_seed_random,3,100,68,32,83,17,3.232500004742178e-05,62.5,20,32,1,"{""ValueError"": 32}",results\week8\random_baseline\template_renderer\edge_case_seed_random_trial3.jsonl
template_renderer,hard,template_parser,mutation_based_random,1,100,33,67,95,5,3.2146000066859414e-05,65.625,21,32,2,"{""ValueError"": 58, ""KeyError"": 9}",results\week8\random_baseline\template_renderer\mutation_based_random_trial1.jsonl
template_renderer,hard,template_parser,mutation_based_random,2,100,25,75,99,1,3.912000007403549e-05,65.625,21,32,2,"{""KeyError"": 20, ""ValueError"": 55}",results\week8\random_baseline\template_renderer\mutation_based_random_trial2.jsonl
template_renderer,hard,template_parser,mutation_based_random,3,100,23,77,98,2,3.15970000156085e-05,65.625,21,32,2,"{""ValueError"": 58, ""KeyError"": 19}",results\week8\random_baseline\template_renderer\mutation_based_random_trial3.jsonl
template_renderer,hard,template_parser,token_aware_random,1,100,13,87,98,2,3.0606999971496406e-05,50.0,16,32,1,"{""ValueError"": 87}",results\week8\random_baseline\template_renderer\token_aware_random_trial1.jsonl
template_renderer,hard,template_parser,token_aware_random,2,100,13,87,99,1,3.0065999908401864e-05,50.0,16,32,1,"{""ValueError"": 87}",results\week8\random_baseline\template_renderer\token_aware_random_trial2.jsonl
template_renderer,hard,template_parser,token_aware_random,3,100,16,84,98,2,3.6217000051692594e-05,50.0,16,32,1,"{""ValueError"": 84}",results\week8\random_baseline\template_renderer\token_aware_random_trial3.jsonl
url_parser,moderate,structured_parser,basic_character_random,1,100,0,100,98,2,4.724099981103791e-05,30.0,6,20,1,"{""ValueError"": 100}",results\week8\random_baseline\url_parser\basic_character_random_trial1.jsonl
url_parser,moderate,structured_parser,basic_character_random,2,100,0,100,99,1,4.914999995889957e-05,30.0,6,20,1,"{""ValueError"": 100}",results\week8\random_baseline\url_parser\basic_character_random_trial2.jsonl
url_parser,moderate,structured_parser,basic_character_random,3,100,0,100,97,3,5.836599993926939e-05,30.0,6,20,1,"{""ValueError"": 100}",results\week8\random_baseline\url_parser\basic_character_random_trial3.jsonl
url_parser,moderate,structured_parser,coverage_guided_random,1,100,2,98,99,1,4.89979999474599e-05,80.0,16,20,1,"{""ValueError"": 98}",results\week8\random_baseline\url_parser\coverage_guided_random_trial1.jsonl
url_parser,moderate,structured_parser,coverage_guided_random,2,100,5,95,100,0,5.0375999926473014e-05,80.0,16,20,1,"{""ValueError"": 95}",results\week8\random_baseline\url_parser\coverage_guided_random_trial2.jsonl
url_parser,moderate,structured_parser,coverage_guided_random,3,100,2,98,99,1,5.861099994945107e-05,80.0,16,20,1,"{""ValueError"": 98}",results\week8\random_baseline\url_parser\coverage_guided_random_trial3.jsonl
url_parser,moderate,structured_parser,edge_case_seed_random,1,100,10,90,82,18,5.271299998639734e-05,70.0,14,20,1,"{""ValueError"": 90}",results\week8\random_baseline\url_parser\edge_case_seed_random_trial1.jsonl
url_parser,moderate,structured_parser,edge_case_seed_random,2,100,8,92,85,15,5.518500000107451e-05,80.0,16,20,1,"{""ValueError"": 92}",results\week8\random_baseline\url_parser\edge_case_seed_random_trial2.jsonl
url_parser,moderate,structured_parser,edge_case_seed_random,3,100,10,90,88,12,5.552499997065752e-05,80.0,16,20,1,"{""ValueError"": 90}",results\week8\random_baseline\url_parser\edge_case_seed_random_trial3.jsonl
url_parser,moderate,structured_parser,mutation_based_random,1,100,20,80,100,0,9.528200000204379e-05,80.0,16,20,1,"{""ValueError"": 80}",results\week8\random_baseline\url_parser\mutation_based_random_trial1.jsonl
url_parser,moderate,structured_parser,mutation_based_random,2,100,18,82,95,5,5.226299985224614e-05,80.0,16,20,1,"{""ValueError"": 82}",results\week8\random_baseline\url_parser\mutation_based_random_trial2.jsonl
url_parser,moderate,structured_parser,mutation_based_random,3,100,23,77,98,2,5.4647000069962814e-05,80.0,16,20,1,"{""ValueError"": 77}",results\week8\random_baseline\url_parser\mutation_based_random_trial3.jsonl
url_parser,moderate,structured_parser,token_aware_random,1,100,2,98,98,2,5.330200012394926e-05,65.0,13,20,1,"{""ValueError"": 98}",results\week8\random_baseline\url_parser\token_aware_random_trial1.jsonl
url_parser,moderate,structured_parser,token_aware_random,2,100,0,100,97,3,5.051199999797973e-05,30.0,6,20,1,"{""ValueError"": 100}",results\week8\random_baseline\url_parser\token_aware_random_trial2.jsonl
url_parser,moderate,structured_parser,token_aware_random,3,100,0,100,98,2,5.2574999990611105e-05,45.0,9,20,1,"{""ValueError"": 100}",results\week8\random_baseline\url_parser\token_aware_random_trial3.jsonl
username_validator,easy,rule_validator,basic_character_random,1,100,0,100,99,1,2.9643000052601563e-05,42.857142857142854,9,21,1,"{""ValueError"": 100}",results\week8\random_baseline\username_validator\basic_character_random_trial1.jsonl
username_validator,easy,rule_validator,basic_character_random,2,100,1,99,100,0,3.1632000172976404e-05,66.66666666666666,14,21,1,"{""ValueError"": 99}",results\week8\random_baseline\username_validator\basic_character_random_trial2.jsonl
username_validator,easy,rule_validator,basic_character_random,3,100,1,99,100,0,2.9244999968796037e-05,66.66666666666666,14,21,1,"{""ValueError"": 99}",results\week8\random_baseline\username_validator\basic_character_random_trial3.jsonl
username_validator,easy,rule_validator,coverage_guided_random,1,100,17,83,94,6,3.1651999925088604e-05,76.19047619047619,16,21,1,"{""ValueError"": 83}",results\week8\random_baseline\username_validator\coverage_guided_random_trial1.jsonl
username_validator,easy,rule_validator,coverage_guided_random,2,100,26,74,97,3,4.417500003910391e-05,76.19047619047619,16,21,1,"{""ValueError"": 74}",results\week8\random_baseline\username_validator\coverage_guided_random_trial2.jsonl
username_validator,easy,rule_validator,coverage_guided_random,3,100,27,73,97,3,2.953300005174242e-05,76.19047619047619,16,21,1,"{""ValueError"": 73}",results\week8\random_baseline\username_validator\coverage_guided_random_trial3.jsonl
username_validator,easy,rule_validator,edge_case_seed_random,1,100,9,91,83,17,3.025799996976275e-05,71.42857142857143,15,21,1,"{""ValueError"": 91}",results\week8\random_baseline\username_validator\edge_case_seed_random_trial1.jsonl
username_validator,easy,rule_validator,edge_case_seed_random,2,100,11,89,89,11,3.523100000165868e-05,76.19047619047619,16,21,1,"{""ValueError"": 89}",results\week8\random_baseline\username_validator\edge_case_seed_random_trial2.jsonl
username_validator,easy,rule_validator,edge_case_seed_random,3,100,15,85,83,17,3.030400002899114e-05,71.42857142857143,15,21,1,"{""ValueError"": 85}",results\week8\random_baseline\username_validator\edge_case_seed_random_trial3.jsonl
username_validator,easy,rule_validator,mutation_based_random,1,100,56,44,96,4,3.6628999951062723e-05,71.42857142857143,15,21,1,"{""ValueError"": 44}",results\week8\random_baseline\username_validator\mutation_based_random_trial1.jsonl
username_validator,easy,rule_validator,mutation_based_random,2,100,58,42,93,7,3.1918000040604965e-05,71.42857142857143,15,21,1,"{""ValueError"": 42}",results\week8\random_baseline\username_validator\mutation_based_random_trial2.jsonl
username_validator,easy,rule_validator,mutation_based_random,3,100,48,52,96,4,3.0419999948207988e-05,71.42857142857143,15,21,1,"{""ValueError"": 52}",results\week8\random_baseline\username_validator\mutation_based_random_trial3.jsonl
username_validator,easy,rule_validator,token_aware_random,1,100,14,86,93,7,3.0506999992212512e-05,71.42857142857143,15,21,1,"{""ValueError"": 86}",results\week8\random_baseline\username_validator\token_aware_random_trial1.jsonl
username_validator,easy,rule_validator,token_aware_random,2,100,20,80,91,9,3.2081999925139827e-05,76.19047619047619,16,21,1,"{""ValueError"": 80}",results\week8\random_baseline\username_validator\token_aware_random_trial2.jsonl
username_validator,easy,rule_validator,token_aware_random,3,100,15,85,92,8,2.967400010675192e-05,76.19047619047619,16,21,1,"{""ValueError"": 85}",results\week8\random_baseline\username_validator\token_aware_random_trial3.jsonl
xml_like_parser,hard,markup_parser,basic_character_random,1,100,0,100,97,3,6.584800006748992e-05,40.0,12,30,1,"{""ValueError"": 100}",results\week8\random_baseline\xml_like_parser\basic_character_random_trial1.jsonl
xml_like_parser,hard,markup_parser,basic_character_random,2,100,0,100,100,0,6.252400009543635e-05,36.666666666666664,11,30,1,"{""ValueError"": 100}",results\week8\random_baseline\xml_like_parser\basic_character_random_trial2.jsonl
xml_like_parser,hard,markup_parser,basic_character_random,3,100,0,100,100,0,4.1580000088288214e-05,40.0,12,30,1,"{""ValueError"": 100}",results\week8\random_baseline\xml_like_parser\basic_character_random_trial3.jsonl
xml_like_parser,hard,markup_parser,coverage_guided_random,1,100,1,99,97,3,4.894299992884044e-05,80.0,24,30,1,"{""ValueError"": 99}",results\week8\random_baseline\xml_like_parser\coverage_guided_random_trial1.jsonl
xml_like_parser,hard,markup_parser,coverage_guided_random,2,100,3,97,96,4,4.501899997194414e-05,80.0,24,30,1,"{""ValueError"": 97}",results\week8\random_baseline\xml_like_parser\coverage_guided_random_trial2.jsonl
xml_like_parser,hard,markup_parser,coverage_guided_random,3,100,1,99,93,7,3.8438999945356044e-05,80.0,24,30,1,"{""ValueError"": 99}",results\week8\random_baseline\xml_like_parser\coverage_guided_random_trial3.jsonl
xml_like_parser,hard,markup_parser,edge_case_seed_random,1,100,9,91,85,15,5.886400011149817e-05,80.0,24,30,1,"{""ValueError"": 91}",results\week8\random_baseline\xml_like_parser\edge_case_seed_random_trial1.jsonl
xml_like_parser,hard,markup_parser,edge_case_seed_random,2,100,13,87,88,12,5.196099993554526e-05,76.66666666666667,23,30,1,"{""ValueError"": 87}",results\week8\random_baseline\xml_like_parser\edge_case_seed_random_trial2.jsonl
xml_like_parser,hard,markup_parser,edge_case_seed_random,3,100,12,88,82,18,6.346199994368362e-05,76.66666666666667,23,30,1,"{""ValueError"": 88}",results\week8\random_baseline\xml_like_parser\edge_case_seed_random_trial3.jsonl
xml_like_parser,hard,markup_parser,mutation_based_random,1,100,3,97,97,3,5.892700000913465e-05,76.66666666666667,23,30,1,"{""ValueError"": 97}",results\week8\random_baseline\xml_like_parser\mutation_based_random_trial1.jsonl
xml_like_parser,hard,markup_parser,mutation_based_random,2,100,3,97,100,0,5.486599997311714e-05,80.0,24,30,1,"{""ValueError"": 97}",results\week8\random_baseline\xml_like_parser\mutation_based_random_trial2.jsonl
xml_like_parser,hard,markup_parser,mutation_based_random,3,100,1,99,96,4,4.163299996434944e-05,80.0,24,30,1,"{""ValueError"": 99}",results\week8\random_baseline\xml_like_parser\mutation_based_random_trial3.jsonl
xml_like_parser,hard,markup_parser,token_aware_random,1,100,0,100,97,3,4.753699990033056e-05,40.0,12,30,1,"{""ValueError"": 100}",results\week8\random_baseline\xml_like_parser\token_aware_random_trial1.jsonl
xml_like_parser,hard,markup_parser,token_aware_random,2,100,0,100,99,1,4.7421999934158524e-05,46.666666666666664,14,30,1,"{""ValueError"": 100}",results\week8\random_baseline\xml_like_parser\token_aware_random_trial2.jsonl
xml_like_parser,hard,markup_parser,token_aware_random,3,100,0,100,97,3,4.872200001045712e-05,40.0,12,30,1,"{""ValueError"": 100}",results\week8\random_baseline\xml_like_parser\token_aware_random_trial3.jsonl
zip_code_validator,easy,format_validator,basic_character_random,1,100,0,100,98,2,3.244200001063291e-05,35.714285714285715,5,14,1,"{""ValueError"": 100}",results\week8\random_baseline\zip_code_validator\basic_character_random_trial1.jsonl
zip_code_validator,easy,format_validator,basic_character_random,2,100,0,100,98,2,3.160800009936793e-05,35.714285714285715,5,14,1,"{""ValueError"": 100}",results\week8\random_baseline\zip_code_validator\basic_character_random_trial2.jsonl
zip_code_validator,easy,format_validator,basic_character_random,3,100,0,100,99,1,2.8471000023273517e-05,35.714285714285715,5,14,1,"{""ValueError"": 100}",results\week8\random_baseline\zip_code_validator\basic_character_random_trial3.jsonl
zip_code_validator,easy,format_validator,coverage_guided_random,1,100,2,98,99,1,2.875400004995754e-05,64.28571428571429,9,14,1,"{""ValueError"": 98}",results\week8\random_baseline\zip_code_validator\coverage_guided_random_trial1.jsonl
zip_code_validator,easy,format_validator,coverage_guided_random,2,100,2,98,97,3,3.133599986540503e-05,64.28571428571429,9,14,1,"{""ValueError"": 98}",results\week8\random_baseline\zip_code_validator\coverage_guided_random_trial2.jsonl
zip_code_validator,easy,format_validator,coverage_guided_random,3,100,3,97,97,3,2.9746000036539046e-05,64.28571428571429,9,14,1,"{""ValueError"": 97}",results\week8\random_baseline\zip_code_validator\coverage_guided_random_trial3.jsonl
zip_code_validator,easy,format_validator,edge_case_seed_random,1,100,2,98,86,14,3.0006999895704212e-05,64.28571428571429,9,14,1,"{""ValueError"": 98}",results\week8\random_baseline\zip_code_validator\edge_case_seed_random_trial1.jsonl
zip_code_validator,easy,format_validator,edge_case_seed_random,2,100,1,99,86,14,3.798699992330512e-05,64.28571428571429,9,14,1,"{""ValueError"": 99}",results\week8\random_baseline\zip_code_validator\edge_case_seed_random_trial2.jsonl
zip_code_validator,easy,format_validator,edge_case_seed_random,3,100,3,97,89,11,2.911500005211565e-05,64.28571428571429,9,14,1,"{""ValueError"": 97}",results\week8\random_baseline\zip_code_validator\edge_case_seed_random_trial3.jsonl
zip_code_validator,easy,format_validator,mutation_based_random,1,100,8,92,92,8,3.1667000039306e-05,64.28571428571429,9,14,1,"{""ValueError"": 92}",results\week8\random_baseline\zip_code_validator\mutation_based_random_trial1.jsonl
zip_code_validator,easy,format_validator,mutation_based_random,2,100,9,91,93,7,3.3816999930422754e-05,64.28571428571429,9,14,1,"{""ValueError"": 91}",results\week8\random_baseline\zip_code_validator\mutation_based_random_trial2.jsonl
zip_code_validator,easy,format_validator,mutation_based_random,3,100,8,92,90,10,2.9803999968862626e-05,64.28571428571429,9,14,1,"{""ValueError"": 92}",results\week8\random_baseline\zip_code_validator\mutation_based_random_trial3.jsonl
zip_code_validator,easy,format_validator,token_aware_random,1,100,2,98,98,2,3.261599995312281e-05,64.28571428571429,9,14,1,"{""ValueError"": 98}",results\week8\random_baseline\zip_code_validator\token_aware_random_trial1.jsonl
zip_code_validator,easy,format_validator,token_aware_random,2,100,0,100,99,1,3.1279000013455515e-05,28.57142857142857,4,14,1,"{""ValueError"": 100}",results\week8\random_baseline\zip_code_validator\token_aware_random_trial2.jsonl
zip_code_validator,easy,format_validator,token_aware_random,3,100,2,98,96,4,3.3583000004000496e-05,57.14285714285714,8,14,1,"{""ValueError"": 98}",results\week8\random_baseline\zip_code_validator\token_aware_random_trial3.jsonl
